Country Name,Country Code,FB.ATM.TOTL.P5,FB.CBK.BRCH.P5,BN.CAB.XOKA.GD.ZS,BN.CAB.XOKA.CD,IT.NET.BBND,IT.NET.BBND.P2,IT.MLT.MAIN,IT.MLT.MAIN.P2,BX.GSR.CCIS.ZS,BX.GSR.CCIS.CD,IT.NET.USER.ZS,SP.DYN.LE00.FE.IN,SP.DYN.LE00.MA.IN,SP.DYN.LE00.IN,IT.CEL.SETS,IT.CEL.SETS.P2,SH.STA.TRAF.P5,SH.DYN.NCOM.ZS,SH.DYN.NCOM.FE.ZS,SH.DYN.NCOM.MA.ZS,SH.STA.POIS.P5,SH.STA.POIS.P5.FE,SH.STA.POIS.P5.MA,SP.DYN.AMRT.FE,SP.DYN.AMRT.MA,SP.DYN.IMRT.IN,SP.DYN.IMRT.FE.IN,SP.DYN.IMRT.MA.IN,SH.DYN.NMRT,SH.DYN.MORT,SH.DYN.MORT.FE,SH.DYN.MORT.MA,BN.GSR.MRCH.CD,BN.GSR.GNFS.CD,SH.DTH.1014,SH.DTH.1519,SH.DTH.2024,SH.DTH.0509,SH.DTH.IMRT,SH.DTH.NMRT,SH.DTH.MORT,SH.ANM.CHLD.ZS,SH.ANM.NPRG.ZS,SH.PRG.ANEM,SH.ANM.ALLW.ZS,SE.PRM.ENRL,SE.PRM.ENRL.FE.ZS,SH.DYN.1014,SH.DYN.1519,SH.DYN.0509,SH.DYN.2024,IP.JRN.ARTC.SC,IT.NET.SECR,IT.NET.SECR.P6,SH.STA.SUIC.P5,SH.STA.SUIC.FE.P5,SH.STA.SUIC.MA.P5,SP.DYN.TO65.FE.ZS,SP.DYN.TO65.MA.ZS,SL.UEM.TOTL.FE.ZS,SL.UEM.TOTL.MA.ZS,SL.UEM.TOTL.ZS,SL.UEM.1524.FE.ZS,SL.UEM.1524.MA.ZS,SL.UEM.1524.ZS
Afghanistan,AFG,0.92,2.16,-21.0619026265545,-4192816422.82819,7067,0.020535484,110000,0.319641044,9.78654507361187,82152250.3401322,8.26,64.877,61.965,63.377,19709038,57.27106807,14.4,35.6,35.7,35.4,1.1,1.9,0.3,206.746,248.724,53.2,49.5,56.6,40.3,70.4,66.7,74,-6668317650.70879,-7044964161.23315,2424,11125,11084,3514,62701,47981,82999,45.8,39.6,37.3,39.4,6199329,39.38989,2.6,13.6,3.4,17.1,22.2,74,2.15031247963196,4,3.6,4.3,66.260444,59.687087,14.4499998092651,10.6800003051758,11.3900003433228,21.8600006103516,16.6599998474121,17.7800006866455
Albania,ALB,35.26,22.02,-8.60488560166004,-979825099.400462,242870,8.402314745,226718,7.843521202,4.98088928903599,112006801.696603,63.2529327,80.107,76.066,78.025,3400955,117.6592183,13.8,13.6,10,17,0.3,0.3,0.4,51.195,99.215,8.5,7.6,9.4,6,9.6,8.7,10.3,-2548030268.07576,-1966180769.23212,49,104,126,38,301,213,339,24,22.9,23,22.9,188371,47.11129,1.2,2.2,1.1,2.4,177.8,197,68.3860849244091,4.8,3.2,6.3,91.0844242,83.9492568,17.1200008392334,17.25,17.1900005340576,40.3699989318848,39.2099990844727,39.5999984741211
Algeria,DZA,8.35,5.26,-16.2523399904818,-27037635153.4303,2269348,5.712209454,3267592,8.224904208,4.98193363955871,172182810.415729,38.2,77.306,74.917,76.09,43227643,108.8089403,21.2,14.3,13.3,15.2,0.7,0.6,0.9,84.44,107.191,21.6,20.2,22.9,15,25.2,23.7,26.6,-17812024818.5781,-25384908362.1845,1022,1622,2517,1435,21655,15251,25021,29.7,32.7,33.4,32.8,3925429,47.76413,1.7,2.7,1.9,3.5,4157.18,152,3.82601450739119,2.7,2,3.4,85.2793946,81.3110684,16.5900001525879,9.9399995803833,11.210000038147,45.1100006103516,26.5799999237061,29.6900005340576
Angola,AGO,18.82,10.44,-8.8411388918829,-10272841902.6133,153571,0.550742009,284925,1.021808589,2.40191697775295,30172000,12.4,62.237,56.737,59.398,13884532,49.79322295,23.6,22.8,19.8,26,2.4,1.7,3.2,206.219,279.712,57.8,51.9,63.6,30.6,88.2,81.5,94.7,12488593164.324,-3531471369.03046,5020,8405,10753,10914,67296,36317,100919,51.3,44.4,49.5,45,5620915,46.86435,7,14.3,12.4,21.6,31.59,227,8.14075808245483,6.5,2.6,10.5,61.9925556,49.3068254,7.65000009536743,6.88000011444092,7.26000022888184,16.6200008392334,17.0100002288818,16.8099994659424
Argentina,ARG,47.51,13.26,-2.96292666513535,-17621985168.21,6855837,15.91589272,10073125,23.38485831,11.1514403633977,1473496949.61781,68.04306411,79.434,72.614,76.068,61842011,143.566834,13.9,16.5,12.5,20.8,0.5,0.4,0.7,82.139,152.24,10.2,9.2,11.2,6.6,11.5,10.3,12.6,-785176392.62,-6600221085.86427,855,2646,3541,688,7705,5020,8640,21.4,11.7,20.9,12.1,4784446,49.06351,1.2,3.8,1,5,8370.01,5317,123.272841307535,8.3,3.3,13.6,86.5838636,76.1677796,8.68000030517578,6.84000015258789,7.6100001335144,23.7000007629395,18.0499992370605,20.2299995422363
Armenia,ARM,60.56,23.4,-2.69795490057304,-284724290.922379,286319,9.786833464,551366,18.84655653,8.63151172837983,130547655.885851,59.10083377,77.708,70.921,74.467,3464490,118.4217138,16.7,22.3,15.3,30.6,0.9,1,0.8,75.161,175.814,12.8,11.4,14.2,7.8,14.4,12.8,15.9,-1186400673.94578,-1282841048.27719,34,92,143,42,556,338,624,30.7,17,18.9,17.1,144549,46.89206,1,2.5,1,3,531.24,224,76.5667208900334,6.2,3.7,8.9,87.1843658,72.0175976,19.25,17.3899993896484,18.2600002288818,36.6500015258789,27.9699993133545,31.7999992370605
Australia,AUS,163.9,28.75,-4.21387625058776,-56958711794.501404,6828000,28.53023892,8500000,35.51655402,4.17408815870309,2291322901.5546,84.56051491,84.5,80.4,82.4,25770000,107.6778349,5.2,9.3,7.3,11.3,0.1,0.2,0.1,45.201,78.264,3.3,3,3.5,2.3,3.9,3.5,4.2,-19012929787.9726,-27774866033.2328,133,449,682,128,1021,739,1208,13.2,7.3,14.9,7.6,2140571,48.60404,0.5,1.5,0.4,2,52945.01,108937,4574.11080242501,13.2,6.8,19.7,93.193715,88.8789792,6.07000017166138,6.03999996185303,6.05000019073486,11.9099998474121,14.2200002670288,13.1099996566772
Austria,AUT,183.27,13.8,1.73749753483461,6634070794.96634,2455500,28.2935384,3609900,41.59513105,9.40248001349106,5554450588.38635,83.94014193,83.7,78.8,81.190243902439,13470623,155.2154711,5.7,11.6,8.6,14.7,0.1,0.1,0.2,44.687,84.688,3,2.8,3.3,2.2,3.7,3.3,4.1,2541879166.52961,13910547484.2361,40,130,207,30,255,189,308,11.9,11.8,17.3,12,327816.84375,48.51408,0.5,1.4,0.4,1.9,12911.21,26636,3081.90763093797,16,7.6,24.8,92.3425044,85.885901,5.30999994277954,6.09000015258789,5.71999979019165,10,11.039999961853,10.5600004196167
Azerbaijan,AZE,36.2,10.66,-0.41921363920559,-222495000,1899456,19.73923241,1796027,18.66439358,1.95351650522751,86814000,77,74.956,69.543,72.266,10697132,111.1650782,10.3,28.4,21.1,36.1,0.9,0.6,1.3,89.019,160.775,23.4,21,25.7,14.2,26.3,23.7,28.9,5812423000,1583558000,191,403,631,247,4147,2533,4659,24.5,34.6,35.2,34.6,551118,46.15745,1.5,2.8,1.8,3.5,451.68,321,33.2665204805178,4.1,1.6,6.6,83.3968858,72.79368,5.86999988555908,4.09000015258789,4.96000003814697,15.5900001525879,11.289999961853,13.3100004196167
Belarus,BLR,55.55,0.8921416,-3.24348350864049,-1831100000,2903497,30.75926357,4540676,48.10332157,15.0183861998864,1004700000,62.23036091,78.9,68.6,73.6243902439025,11448281,121.2815762,10.1,24.7,14.4,36.6,3.5,1.5,6,82.36,245.384,3,2.7,3.4,1.6,4,3.5,4.5,-2142500000,132400000,71,191,435,79,349,188,461,24.8,19.4,23.6,19.5,387051,48.64398,0.8,2.1,0.8,3.6,976.31,1021,107.591287150081,24.3,8.3,42.7,86.8843876,64.0652376,4.26999998092651,7.53000020980835,5.90999984741211,8.60999965667725,12.7399997711182,10.8299999237061
Belgium,BEL,90.02,38.55,1.37687933941539,6363243452.05958,4121049,36.50842403,4488711,39.76554624,9.98234462335908,10876998875.2039,85.05294175,83.4,78.7,80.9926829268293,12774090,113.1658212,6.7,11.5,8.8,14.2,0.4,0.4,0.5,53.933,89.305,3.2,2.8,3.6,2.2,3.9,3.4,4.4,1851149280.84013,6502990902.59134,58,157,287,56,400,280,497,11.9,11.8,15.1,12,782606,48.8707,0.5,1.2,0.4,2.1,16724.04,22982,2038.46021481266,18.6,11.7,25.8,91.3165576,85.5177652,7.76999998092651,9.09000015258789,8.47999954223633,20.0400009155273,23.7900009155273,22.1299991607666
Belize,BLZ,39.99,20.81,-10.1366485876113,-174735548.353243,17379,4.81502107,23603,6.539440838,1.72581331594271,8555419,41.59,76.896,71.424,74.034,211946,58.72170181,25.5,16.4,14.3,18.3,0.3,0.2,0.4,128.639,220.346,13.2,11.8,14.5,10,15.3,13.8,16.8,-423353128.448353,-148978201.235809,13,37,60,11,103,78,119,22.3,20.6,21.4,20.6,52072,48.03733,1.7,4.8,1.4,8.4,7.64,412,1141.48609298679,6,1.4,10.5,81.1549012,70.0425048,11.0699996948242,5.42999982833862,7.57999992370605,25.9099998474121,11.2299995422363,16.4200000762939
Benin,BEN,4.6,3.65,-5.96409319149783,-679200532.34774,73263,0.692731964,194666,1.840647537,8.69867812823659,29933660.2481249,11.25498791,62.082,59.1,60.608,9317955,88.1051181,27.3,23.5,21.5,25.9,2.9,2.2,3.7,219.592,266.315,64.3,58.1,70.1,32.3,99.6,93,105.8,-523666904.860713,-756800485.387488,2042,2464,2213,4294,25004,12818,38236,63.4,54.6,58.5,55,2238185,47.49697,7.8,10.8,14.1,11.4,187.97,24,2.26929925551856,8.1,4,12.2,62.8391102,56.9825294,2.75999999046326,2.39000010490417,2.5699999332428,5.59000015258789,4.96999979019165,5.30000019073486
Bhutan,BTN,28.76,16.46,-27.367068697296,-548326099.367138,27874,3.829498431,21811,2.996526881,0.316280239888485,396630.268203635,39.8,70.668,70.164,70.419,675747,92.83820321,15.1,18.9,17.7,19.8,0.3,0.2,0.4,209.353,206.653,27.4,24.8,29.8,18.7,33.1,30.1,36,-427043375.551717,-496734660.340354,72,92,111,39,353,242,427,45,38.8,39.9,38.8,99291,49.54326,5.1,6.1,3,7.1,25.18,14,19.2340453593744,4.5,2.6,6.2,69.5408312,70.0554484,3.25,1.89999997615814,2.45000004768372,11.6199998855591,7.73000001907349,9.67000007629395
Bolivia,BOL,37.77,34.49,-5.86726594436738,-1936209393.39835,180951,1.664723963,881235,8.107239094,6.44932451740644,80190565.7724649,35.56227065,73.105,67.6,70.277,10162829,93.49660939,18.8,18.2,18.9,17.5,0.6,0.6,0.7,152.314,216.726,25.1,22.4,27.6,17.1,31,28,33.8,-387880611.642311,-1979737198.24535,474,1129,1099,610,6204,4231,7672,47.5,26.2,35.4,26.7,1345182,48.42958,2.1,5.2,2.6,5.5,86.82,290,26.6795955373317,6.4,4.4,8.3,74.9806122,66.1259592,3.79999995231628,2.55999994277954,3.0699999332428,8.5600004196167,5.73000001907349,6.80999994277954
Bosnia and Herzegovina,BIH,51.92,31.65,-5.09529226581594,-826025436.536401,634987,18.51619004,772684,22.53142787,8.01793229957951,134661635.728777,52.6,79.292,74.376,76.865,3443520,100.4128758,15.8,19.2,14.1,24.6,0.4,0.3,0.5,64.788,127.346,5.4,4.9,5.9,4.6,6.3,5.6,6.9,-4067375188.56523,-2961519174.21344,24,73,97,20,165,137,192,27.3,23.7,27.3,23.8,162629,48.68873,0.7,1.6,0.6,2.3,568.22,282,82.2310628714796,10.7,4.6,17,89.256627,80.1757624,30.6499996185303,25.75,27.6900005340576,67.5800018310547,60.5200004577637,63.2099990844727
Botswana,BWA,33.98,8.84,2.0888128775163,301219213.709232,36845,1.737384921,160490,7.567727126,1.25691426723466,11464085.6347866,37.31205037,70.013,64.458,67.338,3475327,163.8751723,24.8,29.7,25.2,35.1,2,1.7,2.3,194.629,302.561,32.1,28.9,35.1,17,41.2,37.5,44.7,-702392559.088886,-909033269.203554,112,179,480,205,1808,963,2317,40.4,31.6,31.2,31.6,344618,48.86193,2.5,4.4,4.1,12.1,160.83,75,35.3654143223326,19,8.3,30.6,71.735601,59.8205878,20.8700008392334,14.710000038147,17.7099990844727,42.7400016784668,29.5200004577637,35.6399993896484
Brazil,BRA,114.97,20.85,-3.02251730009749,-54472241231.175,25482478,12.46258988,43677141,21.36096402,4.64826237672984,1571479659.22,58.32795173,78.698,71.345,74.994,257814274,126.0879559,20.8,16.2,13.3,19.5,0.2,0.1,0.3,95.103,193.622,14,12.3,15.7,9.4,15.7,13.8,17.5,17654680637.155,-19260791207.215,4913,21735,27795,3334,41527,27799,46500,24.3,16.7,19.6,16.8,16299166,47.92504,1.5,6.3,1.1,8.1,53064.56,32503,158.960819671883,5.9,2.8,9.1,84.4418932,72.2627598,10.0600004196167,7.21000003814697,8.43000030517578,23.5699996948242,16.6900005340576,19.6100006103516
Brunei Darussalam,BRN,79.69,20.95,16.6789167866155,2156649811.85869,34425,8.29704006,76002,18.3178399,0.0124597982674343,80704.8012938115,71.2,76.547,74.175,75.318,463384,111.6838231,8.9,18.5,16.5,20.4,0.6,0.6,0.6,73.057,103.129,8.8,7.9,9.6,5.2,10.6,9.5,11.6,2909688195.78603,1903397568.72309,8,12,22,9,60,35,72,15.4,14.8,22.7,15.1,40397,48.49122,1.2,1.7,1.4,3.1,177.77,238,573.622522637603,1.9,0.7,2.9,84.0245382,77.7215616,8.56999969482422,7.05000019073486,7.69000005722046,27.8199996948242,25.5599994659424,26.5400009155273
Bulgaria,BGR,91.27,60.32,0.121170974603308,61370000,1614541,22.42498723,1654879,22.98525739,10.7536477347979,873650000,56.65625161,78.2,71.2,74.6146341463415,9194633,127.70783,10.1,24.3,16.1,32.8,0.8,0.6,0.9,86.607,185.528,6.8,6.1,7.5,4,8.1,7.3,8.9,-2900170000,530370000,62,141,240,64,453,266,546,26.3,22.7,25.6,22.8,261793,48.30992,1,2.3,0.9,3,2558.33,4880,679.855965269391,9.8,4.5,15.5,86.4002552,71.157707,8.42000007629395,9.77999973297119,9.14000034332275,22.25,21.2399997711182,21.6399993896484
Burkina Faso,BFA,3.46,2.91,-7.56751203493842,-895400077.174337,9354,0.051649242,75075,0.414535689,10.9564302692063,42818557.5883949,14,60.525,59.183,59.919,14446897,79.77028842,30.4,24.8,22.7,27.8,3.4,2.8,4.1,242.487,273.429,59.5,54.2,64.6,28,100.7,95.5,105.6,-241412679.226449,-1017344551.96401,3300,2723,3461,7089,41858,20016,69752,86.5,52.7,56.3,53.1,2706803,48.44774,7,6.9,12.8,10.5,229.5,27,1.4908376431425,8,4,11.9,60.5008072,56.2731952,8.14000034332275,4.34000015258789,6.03999996185303,11.6400003433228,6.19000005722046,8.5
Burundi,BDI,1.43,3.23,-12.0230782537444,-373243823.096405,2771,0.027273542,21774,0.214310391,13.493122764715901,7731479.66524554,4.866224464,61.893,58.325,60.123,4997696,49.18977601,34.4,25.8,24.3,27.6,3.6,3,4.2,265.208,323.166,45.9,40.9,50.7,23.3,67.2,61.9,72.3,-482990206.109599,-654456602.972967,2383,1973,1938,4028,18818,9697,27097,47.8,32.7,41.8,33.7,2072408,50.58145,9.6,9.3,13.1,9.6,13.44,8,0.787399249805365,6.4,3.8,9.2,60.3091386,53.1864494,1.11000001430511,2.02999997138977,1.54999995231628,1.80999994277954,3.9300000667572,2.77999997138977
Cabo Verde,CPV,45.97,33.73,-3.16841485472207,-50593257.4987504,16568,3.157355124,63584,12.11716974,4.75551123411188,23845238.4699506,42.68301416,75.423,68.588,72.117,611468,116.527138,25,14.8,12.8,17.1,0.4,0.2,0.7,102.445,147.853,16.7,15,18.3,11.7,19.5,17.6,21.4,-470616413.817867,-245640996.003995,13,26,43,11,182,128,213,54.9,25.2,37.3,25.8,65580,47.93382,1.3,2.6,1.1,4,10.55,39,74.3220967216332,14.4,4.8,24,84.186948,69.8846152,12.289999961853,11.6099996566772,11.8999996185303,32.9199981689453,27.8099994659424,29.9699993133545
Cambodia,KHM,13.34,6.12,-8.85568865089733,-1598447753.50058,83504,0.537991459,256387,1.651825256,2.18912916040384,86574143.9625531,6.43319107,70.61,66.474,68.637,20850543,134.3338529,17.4,22.8,19.2,27.7,0.5,0.3,0.7,142.84,208.468,27.2,23.9,30.2,16.9,31.6,28,35.1,-3948841423.65485,-2236506647.05702,613,1254,1643,1211,9939,6199,11564,54.7,46.2,51.8,46.5,2178916,49.0537,2.1,4,3.7,5,109.36,158,10.1794705077546,5.1,2.9,7.3,75.9136286,66.5566794,0.46000000834465,0.330000013113022,0.389999985694885,0.970000028610229,0.529999971389771,0.740000009536743
Cameroon,CMR,3.94,2.06,-3.79483459720882,-1173691255.37907,20447,0.087761512,1050281,4.507959527,6.31856035733226,95823902.6006337,20.68014766,58.908,56.27,57.583,18160667,77.94823655,29,25.5,23.7,27.6,2.9,2.4,3.3,324.623,355.63,57.3,51.4,63,28.6,88.5,81.8,94.8,-372117129.533643,-1053768053.17936,5152,6241,8041,10632,48664,24657,74232,62.6,40.3,46.6,40.9,4369988,46.95594,8.9,12.6,15.7,18.3,638.47,52,2.23191598656181,9.5,4.8,14.1,55.5018756,50.1266764,4.01000022888184,3.05999994277954,3.50999999046326,6.53000020980835,5.55999994277954,6.01000022888184
Canada,CAN,221.49,22.84,-3.51484366767313,-54695520049.8056,13115376,36.40462417,15612271,43.33530798,8.60041499784481,7310987570.35089,90,84,79.9,81.9,29765000,82.61933463,5.8,10.3,8.6,12,0.3,0.3,0.4,50.806,81.304,4.6,4.3,4.9,3.5,5.3,4.9,5.7,-18615268413.8662,-38583775871.449,233,737,1340,174,1774,1357,2034,9,9.1,15.2,9.3,2303964,48.86873,0.6,1.7,0.4,2.7,60533.24,120922,3386.89498345625,13,6.9,19.2,92.0232782,87.791917,6.28999996185303,7.46000003814697,6.90999984741211,11.2299995422363,15,13.1599998474121
Chile,CHL,55.88,16.09,-2.35129588844103,-5735259423.99198,2719439,15.13376135,3445880,19.17642778,3.32397172280253,316447259.910593,76.62959195,82.25,76.892,79.646,23206353,129.1440655,12.3,11.6,9.4,14.1,0.3,0.2,0.4,67.179,110.554,6.7,6.1,7.3,5.1,7.9,7.2,8.6,3426124445.20139,-148600678.263802,206,594,901,168,1636,1230,1920,19.5,7.7,19.2,8,1477538,48.34292,0.8,2.2,0.7,3,6037.51,4025,223.992483201816,10,4.1,16,90.0004182,82.7534778,7.1399998664856,6.05999994277954,6.51000022888184,18.6599998474121,14.4300003051758,16.1499996185303
Colombia,COL,41.31,16.2,-6.32550316760122,-18564197281.3019,5525763,11.62812593,7109254,14.96034136,4.65316315297985,345557466.286088,55.90497251,79.346,73.686,76.531,57327470,120.636922,18,10.3,9.6,11.2,0.1,0.1,0.2,89.3,190.835,13.4,11.9,15,8.5,15.6,13.8,17.3,-13478638990.2286,-18266562786.7322,1180,4017,5959,872,9957,6314,11590,26.8,21,23,21.1,4479218,48.11949,1.4,4.7,1.1,6.9,5409.93,3389,71.316339057278,4.1,1.9,6.5,86.4064798,77.2280762,10.8400001525879,6.3600001335144,8.30000019073486,22.8199996948242,12.4200000762939,16.6399993896484
"Congo, Dem. Rep.",COD,1.31,1.03,-3.91310448842874,-1483759412.35417,1000,0.001311569,0,0,4.65023348696668,8061125.56158891,3.799999507,60.726,57.79,59.254,37752782,49.51538827,33.5,24.3,22.5,26.2,2.3,1.3,3.3,235.692,284.355,73.8,66.9,80.2,29.6,97.2,89.7,104.2,-289835894.466542,-2308129161.18307,20022,31374,27119,32685,235939,96813,307119,63.8,43.4,48.6,44.1,13763196,49.46434,10.4,19.8,13.9,20.5,124.13,39,0.511512010616786,6.6,2.8,10.4,60.5709664,54.7224262,3.55999994277954,5.19000005722046,4.40000009536743,6.40000009536743,10.4399995803833,8.25
Costa Rica,CRI,60.6,22.1,-3.50749083012366,-1921262983.44276,558656,11.52389824,859514,17.72996598,13.0194949184955,1001667422.27906,59.76295014,82.184,77.029,79.565,7535599,155.4435575,16.5,9.8,7.7,11.8,0.1,0,0.2,59.535,111.808,7.7,7.1,8.2,6.2,9,8.3,9.7,-4607090132.15609,1558623.96426821,76,222,373,56,548,445,648,28.5,12.4,17.1,12.6,473447,48.70302,1,2.8,0.8,4.4,361.64,1517,312.92519252016,6.7,2.3,11.2,89.9025732,82.4839484,11.1499996185303,7.59999990463257,9,26.9200000762939,19.8700008392334,22.6800003051758
Cote d'Ivoire,CIV,6.75,4.92,-0.43953834631498,-201372902.110014,109707,0.472342739,277248,1.19368937,10.3995905431237,79677993.4758745,38.44000017,57.344,54.935,56.065,25407610,109.3922913,23.2,23.6,20.9,25.8,2.8,1.9,3.7,377.062,415.854,65.3,57.5,72.8,35.6,90.6,81.5,99.2,3169812031.40539,1150470393.15493,6452,6460,7146,9949,54292,30142,74364,73.6,51.3,55.4,51.7,3370558,46.71188,10.9,12.4,15.3,16.3,191.85,117,5.03742700628339,10,3.3,16.6,51.1317038,46.1253226,3.98000001907349,2.53999996185303,3.09999990463257,6.05000019073486,3.5699999332428,4.57999992370605
Croatia,HRV,122.98,33.49,3.219805513646,1594632748.80223,986215,23.29894535,1476506,34.88187931,4.5970080652622,537127292.520887,69.84503592,80.4,74.3,77.2756097560976,4415660,104.3182481,9.3,17.6,11.4,24.1,0.4,0.3,0.5,54.093,126.364,4.2,3.8,4.6,3.1,4.9,4.5,5.4,-7909090518.9377,134722304.191452,23,71,106,23,166,122,196,26.4,20.4,23.2,20.5,162355,48.67051,0.6,1.5,0.5,2.2,4050.72,2672,635.645032215214,17.6,9.2,26.7,90.8714866,79.5221178,16.8999996185303,15.5500001907349,16.1800003051758,43.6800003051758,41.4099998474121,42.3400001525879
Cyprus,CYP,51.2,36.17,-0.420868050836324,-83510340.2370658,260640,30.72497937,323707,38.15949546,12.3720138081146,1324966677.06478,71.71574092,82.539,78.165,80.35,1111123,130.9823176,6.7,9.7,6.6,12.9,0.2,0,0.4,34.322,68.965,2.2,2,2.4,1.6,2.7,2.5,3,-3586349876.23318,522735394.346762,6,21,45,8,28,20,35,16.7,12.3,18,12.4,53773,48.64709,0.5,1.3,0.6,2.1,935.15,2760,2377.29169627515,4.7,2.1,7.3,93.5859348,88.1477322,14.7700004577637,15.0299997329712,14.9099998474121,29.8400001525879,32.6800003051758,31.3099994659424
Czech Republic,CZE,50.86,23.68,0.449525739590104,845256960.753614,2946626,27.79469536,1906594,17.98436565,11.7898556124733,2744369450.52897,75.6688387,81.6,75.7,78.5780487804878,12454575.01,117.4805076,7.2,15.6,10.6,20.7,0.8,0.5,1.2,52.944,112.133,2.5,2.2,2.8,1.6,3.2,2.8,3.5,7630892277.90977,11152289235.3342,49,143,294,49,280,176,350,25.2,20.5,22.6,20.5,534932,48.77199,0.5,1.6,0.4,2.4,16700.33,21607,2048.8222188023,13.6,5,22.5,90.8854652,81.5623996,6.07000017166138,4.23000001907349,5.05000019073486,14.4399995803833,11.3199996948242,12.6000003814697
Denmark,DNK,51.82,24.69,8.24429205132905,24953251921.341,2404962,42.27616351,1519712,26.71459799,6.03404903020955,3886731717.78545,96.33050162,82.7,78.8,80.7024390243902,7079249,124.4441651,3.5,11.9,10.1,13.8,0.2,0.1,0.3,51.397,82.945,3.5,3,3.9,3.3,4.1,3.5,4.6,14375236791.1055,20566339099.6327,24,70,115,21,206,193,242,12,11.5,16.5,11.6,468536,48.48251,0.4,1,0.3,1.5,14214.95,34129,6004.944503221,10.9,7.2,14.7,90.8982196,85.7099618,6.53000020980835,6.05999994277954,6.28000020980835,11.1099996566772,13.0600004196167,12.1099996566772
Djibouti,DJI,8.35,5.99,29.3887086436504,714230249.831195,24165,2.643893334,22902,2.505708468,2.06439529501586,19474454.1976142,11.92243143,66.086,62.399,64.136,314350,34.3930424,23.9,22.3,20.6,23.9,2.6,2.1,3.1,228.307,275.191,54.3,49.4,58.9,33.5,65.3,59.7,70.7,135167679.495836,544992122.439793,102,212,315,160,1128,701,1362,42.2,31,37.2,31.3,62940,46.4204,5.6,11.7,8.9,17.9,5.71,10,10.9410028304374,9,6.1,11.6,68.223661,61.2403032,11.6000003814697,11.25,11.3900003433228,21.8700008392334,21.9300003051758,21.8999996185303
Dominican Republic,DOM,36.58,12.67,-1.79906294347403,-1280300000,686107,6.673102061,1304968,12.69216704,2.23156275690154,168300000,54.21576634,76.525,70.189,73.241,8797247,85.56234973,32.9,21.5,17.4,25.6,0.5,0.4,0.6,119.214,204.02,26,23.5,28.4,21.4,31.3,28.3,34.1,-7464700000,-3096900000,308,949,1706,316,5409,4473,6510,27.7,27.2,28.7,27.3,1307128,46.8401,1.6,4.9,1.6,8.9,34.62,477,46.3931964426047,6.4,2.4,10.4,80.79632,70.2825552,10.9099998474121,5.48000001907349,7.6100001335144,24.2800006866455,12.1800003051758,16.5
Ecuador,ECU,33.61,11.51,-2.23696073530438,-2221086836.90412,1487592,9.175858406,2512657,15.49872872,3.68671149194527,88382004.18674,48.94043379,79.021,73.378,76.143,12943791,79.84070461,23.5,11.7,10.9,12.6,0.4,0.3,0.5,86.029,161.783,13,11.4,14.6,7.9,15.1,13.3,16.8,-1649793990.92745,-2455040236.51184,640,1320,1966,506,4298,2621,4984,27.9,16.7,22.2,17,1998135,49.03968,2.1,4.3,1.6,6.8,668.72,1319,81.359386430562,8.8,4.3,13.3,84.9343528,76.3507982,4.51999998092651,3.01999998092651,3.61999988555908,11.5799999237061,7.21000003814697,8.8100004196167
El Salvador,SLV,35.76,11.46,-3.2159293549397,-753757240.441218,353001,5.580934065,944266,14.92881404,7.42821695111337,184003058.866493,26.80260496,76.949,67.571,72.412,9334132,147.5723164,20.8,10.8,8.9,13.2,0.6,0.1,1.1,103.002,261.317,13.2,11.8,14.5,7.6,15.3,13.7,16.9,-4970351312.38219,-4011020503.82282,249,1131,1219,137,1560,901,1816,29.8,9.7,15.3,9.9,741394,47.84878,2,8.3,1.2,9.7,23.71,286,45.2165048463872,6.9,2.2,12.3,82.9765584,64.7164284,3.47000002861023,4.38000011444092,4,10.0100002288818,8.17000007629395,8.80000019073486
Estonia,EST,72.61,11.15,1.7496500893913,403274473.824457,390275,29.671374,387607,29.46853439,8.63823172575409,506113410.220511,88.4097035,82.2,73.2,77.590243902439,1903545,144.7205063,6.4,17.1,10.5,25,0.5,0.3,0.7,62.825,169.877,2.5,2.2,2.7,1.4,3.1,2.8,3.5,-973431700.577364,900319517.349997,9,25,50,10,34,20,44,25.3,21.1,23.1,21.2,79594,48.64688,0.7,2.1,0.6,3.3,1578.23,4105,3120.70712714772,15.9,5.4,27.9,90.197306,74.679976,6.13000011444092,6.23999977111816,6.19000005722046,12.1999998092651,13.789999961853,13.1000003814697
Eswatini,SWZ,38.22,8.03,13.1274547761412,533323971.019997,6000,0.543456601,43000,3.89477231,8.53427360307342,6395624.1536881,25.64304231,59.383,51.781,55.359,941000,85.23211031,31.5,38,28,47.6,3.7,2.8,4.7,362.131,507.511,45.9,41,50.4,19.6,59.2,54,64.1,176929210.565977,53319673.5564336,103,278,379,326,1393,600,1810,41.8,29.6,32.4,29.8,241404,47.53857,3.7,10.8,10.9,16.4,20.08,29,26.2670690660879,35.1,9.5,62.6,50.5864824,32.6425346,25.3500003814697,21.6299991607666,23.4400005340576,50.2299995422363,44.3300018310547,47.1800003051758
Fiji,FJI,47.92,12.8,-3.49819396316998,-163804572.319285,12734,1.465991732,72565,8.353988536,1.39306853347359,18272569.7924791,42.5,68.818,65.517,67.103,965950,111.2042338,10.7,38.5,34.3,42.6,0.2,0.2,0.3,137.366,234.35,20.6,18.7,22.3,9.9,24.3,22.2,26.3,-909256250.971208,-165165713.090445,42,61,98,39,394,191,465,37.7,30.8,42.6,31.5,108727,48.12604,2.7,4.1,2.2,6.5,99.52,79,90.948128483227,9.4,5.7,13,72.2044364,61.9473242,5.44999980926514,3.80999994277954,4.3600001335144,20.8999996185303,11.9399995803833,15.0600004196167
Finland,FIN,33.75,8.49,-0.717741499237003,-1682673752.16945,1729897,31.56100156,537200,9.800913025,31.7056001384619,8124747058.15858,86.42213333,84.4,78.7,81.4804878048781,7396200,134.9395252,5.1,10.6,7.3,14,0.5,0.5,0.5,43.46,94.277,2,1.8,2.2,1.4,2.5,2.2,2.7,2128854487.92273,-1080608391.64126,26,91,174,24,114,77,140,11.9,9.8,15.6,10,355231,48.77024,0.4,1.5,0.4,2.5,10942.46,18604,3395.18108392853,14,6.6,21.7,92.6188718,84.5517302,8.84000015258789,9.88000011444092,9.38000011444092,19.5799999237061,24.9799995422363,22.2700004577637
France,FRA,107.23,37.6,-0.374473265004827,-9130436716.69977,26867000,41.68450907,38929000,60.39886305,6.73556755111066,17214809978.5317,78.00603771,85.6,79.2,82.3219512195122,66681000,103.4564614,5.5,11,7.5,14.7,0.3,0.3,0.4,49.377,101.59,3.5,3.1,3.8,2.4,4.1,3.7,4.5,-32061697861.1415,-9832355281.55264,343,877,1440,297,2644,1826,3159,12.2,9.2,15.3,9.4,4255988,48.71999,0.4,1.1,0.4,1.9,71925.79,126340,1898.47153356589,15.8,8.4,23.7,92.2574812,84.4631216,9.89999961853027,10.7700004577637,10.3500003814697,23.3099994659424,25.6200008392334,24.5900001525879
"Gambia, The",GMB,5.7,8.38,-7.19601460299359,-99173808.6990761,3573,0.171296252,45000,2.157383525,1.57985634859271,2450228.1579699,16.5,62.275,59.602,60.91,2715672,130.1943563,27.8,21.9,20.5,23.3,2.2,1.6,2.8,234.236,289.177,39.8,35.1,44.2,29.9,60,54.7,65,-228632201.590154,-190104170.649994,267,410,484,418,3247,2479,4808,75.8,53.5,57.3,53.9,293503,51.21583,5.2,8.9,6.8,11.8,43.15,17,8.15011553987324,5.1,3.3,6.9,62.7748656,55.8023472,12.5200004577637,6.80000019073486,9.30000019073486,17.2700004577637,9.19999980926514,12.8299999237061
Georgia,GEO,70.13,32.17,-11.8164227457659,-1767022015.06,635644,15.79560373,950167,23.61142622,1.45779428245431,45003886.3,47.56975964,77.402,68.517,72.973,5550730,137.9343335,15.8,25.5,16.5,35.5,0.7,0.7,0.6,81.089,231.382,9.4,8.2,10.5,6.7,10.5,9.2,11.7,-3951941699.87,-2547799840,59,130,229,63,533,380,599,23.1,26.8,27.8,26.8,288541,47.16973,1.3,2.7,1.2,4.1,494.82,442,118.64892695199,10.5,3.6,18.1,86.4427218,66.4287642,13.8999996185303,18.6800003051758,16.5100002288818,39.5400009155273,34.7999992370605,36.5
Germany,DEU,122.3,14.06,8.5995370338796,288620732320.068,30707429,37.54542249,45350000,55.44863133,10.4790425181385,29433492589.8311,87.58979935,83.1,78.3,80.6414634146341,96360000,117.8176431,4.4,12.6,9.2,15.9,0.2,0.1,0.2,50.173,92.451,3.3,3,3.6,2.3,3.9,3.6,4.2,275591821307.303,255037515083.687,326,985,1442,277,2401,1692,2837,11.7,10.1,15.6,10.2,2879394,48.559,0.4,1.2,0.4,1.6,106452.92,351083,4297.92588653237,13.3,7.3,19.5,91.884184200000007,84.9347584,4.21999979019165,4.96999979019165,4.61999988555908,6.46999979019165,7.88000011444092,7.23000001907349
Greece,GRC,58.68,26.84,-0.819665654937092,-1611391808.26571,3439034,32.26186355,5260560,49.34975023,2.54276305527434,892677816.330757,66.83495949,83.7,78.5,81.0365853658537,12566649,117.8887779,9.3,13.1,8.1,18.2,0.1,0.1,0.1,43.712,97.799,3.9,3.6,4.2,2.7,4.4,4,4.7,-19602740553.7209,-1220057196.83535,54,141,233,50,351,237,403,13.1,13.5,19.6,13.6,643762,48.47475,0.5,1.3,0.5,2.1,11237.15,4436,409.948060615756,5,2,8.2,93.1642152,84.8977226,28.8899993896484,21.75,24.8999996185303,55.1399993896484,45.2000007629395,49.7200012207031
Guatemala,GTM,36.07,35.9,-1.2443076551374,-773787480,459847,2.829404762,1718851,10.57596375,16.3069157864669,528765849.858346,28.80594156,76.262,70.172,73.25,18121390,111.4995795,14,17.3,17.1,17.4,1.8,1.1,2.5,113.667,213.958,23.7,21,26.3,14,28.3,25.3,31.2,-6439153300,-6358444100,860,2332,2883,708,9804,5842,11681,37.1,8.5,14.7,8.9,2381916,48.148,2.2,6.4,1.8,8.8,83.29,463,29.7416032805438,5.8,2.9,8.9,81.3203108,70.681362,3.53999996185303,2,2.50999999046326,10.0600004196167,3.83999991416931,5.67000007629395
Honduras,HND,23.25,19.31,-4.6709067375976,-979945387.011726,197379,2.165925813,497072,5.454587752,8.30555020758681,244159436.429192,27.1,76.829,72.148,74.495,8048388,88.31847018,16,21.2,20.5,22,0.8,0.1,1.5,120.104,172.935,16.5,14.6,18.3,10.5,19.3,17.1,21.3,-4668104989.45064,-3394077720.60967,561,882,1168,452,3364,2153,3934,31.4,16.6,21.6,16.9,1154139,48.83398,2.7,4.3,2.2,6.4,30.85,185,20.3008564986224,4,0.8,7.2,81.6222086,74.5726706,8.96000003814697,4.51000022888184,6.15000009536743,19.8099994659424,6.84999990463257,11.1899995803833
Hungary,HUN,57.25,15.13,2.33902297835013,2925516290.04182,2718794,27.80543475,3094228,31.64504364,8.08090920190979,1817860267.9318,72.83473703,79,72.3,75.5682926829269,9900582,101.2544484,7.8,23.2,16.5,30.7,0.4,0.2,0.7,85.926,177.627,4.3,3.9,4.6,2.7,5.1,4.7,5.5,4504456526.12,9953574436.17911,61,147,249,46,387,248,464,25.9,19.5,22.8,19.6,395549,48.5505,0.6,1.4,0.5,2,6533.46,9120,926.544148812743,19.9,9.9,31,86.5997826,72.0174218,7.03999996185303,6.61999988555908,6.80999994277954,15.9099998474121,18.2000007629395,17.2099990844727
Iceland,ISL,73.59,36.42,5.67305656109013,986493571.446016,124436,37.68013251,168149,50.91674918,5.54437337813942,242045568.452251,98.2,83.8,81.2,82.4682926829268,383919,116.2534861,4.8,9.2,7.9,10.5,0.1,0.2,0,43.185,67.533,1.8,1.6,1.9,1.1,2.2,2.1,2.4,-244562432.834644,1308423170.92443,1,7,8,1,8,5,10,11.7,9.4,14.7,9.6,30422,48.95799,0.3,1.5,0.3,1.7,608.6,2518,7611.50491966809,14.3,5.9,22.5,93.3611888,90.3578542,4.05000019073486,3.91000008583069,3.98000001907349,6.6399998664856,10.5500001907349,8.60000038146973
Indonesia,IDN,52.97,17.64,-2.0350419218361,-17518744569.4758,3983000,1.541508557,10378037,4.016528455,4.37032086905134,971123819.057732,22.0627426,72.992,68.651,70.768,338948340,131.1804585,12.3,25.6,22.1,29,0.3,0.1,0.5,145.664,205.464,23.3,20.6,25.8,14.5,27.8,24.8,30.7,14048569144.2135,5351899012.23086,10353,24045,23635,16510,115140,71869,137566,36,27.6,42.1,28.2,29699772,47.8247,2.2,5.2,3.6,5.6,4623.15,4569,17.6830343836212,2.4,1.1,3.6,78.4965978,70.373464,4.42999982833862,4.57000017166138,4.51000022888184,17.1499996185303,17.0699996948242,17.1000003814697
Israel,ISR,101.52,20.07,5.40496691359901,16204800000,2173000,27.23573007,3412000,42.76498435,42.1660533886399,15756400000,77.35208966,84.1,80.1,82.0512195121951,10570000,132.4812089,4.2,9.6,7.4,11.8,0,0,0,39.687,72.987,3.2,2.9,3.4,2.1,3.9,3.6,4.2,-3345200000,9848100000,69,153,193,69,529,351,652,12.8,11.5,17.7,11.9,883706,48.8202,0.5,1.2,0.5,1.7,12048.66,10936,1304.99636042529,4.5,2.1,7.1,93.3102008,88.8007216,5.3899998664856,5.13000011444092,5.25,9.73999977111816,8.94999980926514,9.32999992370605
Italy,ITA,96.25,49.82,1.38238169109464,25379134923.6583,14900171,24.59646983,20209324,33.36055862,8.44433794509149,8292660322.17097,58.14173496,84.9,80.3,82.5439024390244,87691238,144.756385,5.9,9.8,7.3,12.4,0.3,0.2,0.5,38.311,66.655,3,2.7,3.2,2.1,3.5,3.2,3.7,58475193357.6215,54303349289.8122,254,607,932,204,1484,1055,1757,12.6,12.3,18.7,12.5,2856247,48.40607,0.4,1.1,0.4,1.5,70519.39,38140,628.01966890421,7.1,3.6,10.9,93.7710402,89.3241752,12.6899995803833,11.3199996948242,11.8999996185303,42.75,38.8499984741211,40.4099998474121
Jamaica,JAM,30.69,5.18,-3.03150657129059,-430100945.993497,228890,7.917272133,252849,8.746010492,4.00178385549446,122405229.736329,42.22122119,75.687,72.574,74.098,3137213,108.5157458,13.3,16.8,17.4,16.1,0.1,0.1,0.1,100.029,164.462,13.4,11.8,15,11.2,15.6,13.7,17.4,-3194519371.92863,-2296499439.40424,79,211,312,62,646,539,753,27.4,19.2,22.7,19.4,259449,50.44922,1.6,3.9,1.4,5.8,153.19,351,121.410394459259,2.2,1.1,3.4,82.7947352,73.8792304,17.8799991607666,9.90999984741211,13.5100002288818,42.6199989318848,27.7900009155273,34.0400009155273
Japan,JPN,127.65,34.14,3.1090684491949,136471801667.015,38872579,30.37273009,63705579,49.77576497,1.99904019843305,3251898164.67974,91.05802839,86.99,80.75,83.7939024390244,160559734,125.4518632,4.2,8.6,5.8,11.5,0.2,0.2,0.3,37.112,70.06,2,1.9,2.1,0.9,2.8,2.6,2.9,-7334915644.67582,-23275907631.1959,477,1219,2273,446,2068,940,2866,12.4,19.1,23.9,19.2,6638174,48.74169,0.4,1,0.4,1.8,101306.59,191255,1504.27478154175,19.1,11.4,27.2,94.1696712,88.589883,3.10999989509583,3.61999988555908,3.40000009536743,5.1399998664856,5.92999982833862,5.53999996185303
Kazakhstan,KAZ,71.12,2.96,-3.26029263951047,-6011602481.45333,2301000,13.09468418,4147800,23.60457673,2.3022512663999,142220010,70.8299336,76.26,67.49,71.97,26309300,149.7227182,18.4,25.6,17.5,35.2,2.4,1.3,3.7,107.941,256.281,10.5,9.1,11.9,5.6,11.8,10.3,13.3,11627111715.1335,6906805627.09522,356,737,1505,482,4116,2177,4604,28.9,27.5,31.3,27.7,1196027,48.70358,1.6,3.3,1.5,5,1171.06,845,48.1678928673098,23.2,8.2,39.3,82.8747848,63.2010136,5.48999977111816,4.40000009536743,4.92999982833862,4,3.52999997138977,3.75
Kenya,KEN,9.69,5.59,-6.90663107729834,-4420779165.07473,135107,0.28218817,85496,0.17856928,11.8648015229062,550307406.252467,16.58785485,67.111,62.452,64.798,37715944,78.77455056,27.3,21.1,19.9,22.5,2.4,1.4,3.5,183.125,264.091,35.3,31.7,38.7,22.7,49.6,45.4,53.6,-8378556485.33008,-7061017154.87046,5784,7634,9245,8209,51600,33339,72591,41.9,27.1,40.5,28.1,8168710,49.57786,4.8,7.2,6,10.4,961.87,619,12.9286030324863,5.5,2.9,8,68.0884684,58.4259574,2.99000000953674,2.60999989509583,2.79999995231628,7.51999998092651,7.28999996185303,7.40000009536743
"Korea, Rep.",KOR,275.88,16.75,7.17154582534087,105118600000,20024419,39.40023682,28882783,56.83003787,3.5916413158752998,3501800000,89.8962558,85.2,79,82.0243902439024,58935081,115.9612246,10.6,8.4,5.1,11.7,0.3,0.1,0.4,35.768,87.205,3,2.8,3.2,1.6,3.5,3.2,3.8,120275000000,105649200000,226,715,1143,207,1264,678,1490,11.6,13.1,15.2,13.1,2721766,48.22667,0.5,1.1,0.5,1.6,62645.93,28452,557.718897561532,28,16.5,39.5,94.536651,86.824983,3.48000001907349,3.58999991416931,3.54999995231628,9.93000030517578,9.78999996185303,9.85999965667725
Kuwait,KWT,56.51,14.79,7.49275018185504,8584241437.15996,55000,1.433938082,480000,12.51436871,44.7143730284648,2707725460.36689,72,76.173,74.396,75.13,7664743,199.832125,18.8,11.4,8.2,13.2,0.3,0.1,0.5,44.013,72.26,7.5,6.8,8.1,4.9,8.7,7.9,9.5,27992646495.112,10251823889.8115,48,99,119,52,453,298,528,24.9,22.4,23.2,22.4,264185,48.99862,1,2.3,0.9,2.8,875.06,1276,332.6736349105,2.6,0.7,3.8,89.4170792,86.1865236,4.69000005722046,1.27999997138977,2.20000004768372,23.1499996185303,11.8599996566772,15.3000001907349
Kyrgyz Republic,KGZ,30.29,8.28,-15.7592458853341,-1052430545.33283,211521,3.549533564,408037,6.847268246,4.98186362823199,42524386,30.24704278,74.8,66.7,70.6512195121951,7579439,127.1905538,17.5,24.9,17.7,33.1,1.2,0.7,1.8,102.292,229.295,19.9,17.6,22.1,14.7,22.3,19.8,24.8,-2219960572.84495,-2422081515.14236,171,302,481,175,3221,2384,3602,37.4,34.7,36.6,34.8,451212,48.8389,1.7,2.9,1.5,4.2,51.24,136,22.8306669576458,9.9,3.9,16.1,82.7426454,65.9410406,9.02000045776367,6.53999996185303,7.55999994277954,19.1000003814697,12.5500001907349,15.0200004577637
Lao PDR,LAO,22.97,2.9,-15.7577433305949,-2267608962.93737,14550,0.215838096,962497,14.27790512,4.06354625818498,34299291.5214221,18.2,68.331,64.765,66.546,3727162,55.28959094,15.2,26.8,23.1,30.7,0.6,0.5,0.8,173.589,217.661,42,37.2,46.6,24.4,53.6,48.3,58.6,-2022023958.90799,-2256435633.5029,793,803,1118,707,6958,4079,8891,43.3,36.6,46.9,37.2,850466,48.00321,5.5,5.6,4.6,8,71.61,28,4.15358534520151,5.6,3.5,7.7,71.982947,64.3835866,0.629999995231628,0.740000009536743,0.689999997615814,1.61000001430511,1.8400000333786,1.72000002861023
Latvia,LVA,63.01,18.05,-0.613213591342405,-167037259.602979,503503,25.20446279,356000,17.820725500000002,8.26096927496598,400129117.412968,79.20058292,79.5,69.7,74.4804878048781,2590000,129.6507839,11.2,22,13.9,31.9,0.8,0.3,1.5,85.92,234.554,4.2,3.9,4.5,2.6,5,4.6,5.4,-2713367529.66679,-472480179.723502,16,43,93,19,88,54,105,25.5,21.1,23.3,21.2,117303,48.69526,0.8,2.5,0.9,3.7,1474.02,2596,1312.75072350466,21.6,8.4,37.2,85.8627068,66.2118888,8.64000034332275,11.0900001525879,9.86999988555908,14.1199998855591,17.9699993133545,16.2800006866455
Lesotho,LSO,12.98,3.72,-3.2727676037205,-77639214.6646733,2062,0.10014468,40570,1.970353872,3.76906639484302,1721735.49658197,25,54.266,47.979,51.038,2140141,103.9397364,30.1,47.9,42.8,54,6,4.8,7.2,466.443,560.508,71.9,64.7,78.8,43.4,94.1,86.3,101.5,-801695182.988228,-1074561959.77444,175,494,833,248,4072,2484,5353,50,27.1,33.4,27.5,361637,48.91784,3.9,11.4,5.6,19.8,17.34,14,6.79934784540808,92.4,39.3,147.3,41.9235796,27.7618458,29.0100002288818,20.5799999237061,24.3999996185303,42.9599990844727,29.0900001525879,34.8800010681152
Lithuania,LTU,49.01,14.55,-2.44832823387739,-1014069961.22815,833298,28.42196816,561919,19.16582534,3.99355481105013,267060275.348149,71.37805901,79.7,69.2,74.3219512195122,4184053,142.7088762,10.5,22.2,13.2,32.8,3.9,1.9,6.2,85.048,245.418,4,3.7,4.3,2.3,4.9,4.5,5.4,-2365756530.63521,-417504207.662568,26,92,173,21,124,71,153,24.9,19,21.4,19.1,108038,48.92723,0.9,2.7,0.8,4.2,2464.44,3443,1185.23465442991,34.9,11.9,61.7,86.9376058,64.899668,8.15999984741211,10.1000003814697,9.11999988555908,16.6399993896484,16,16.2800006866455
Luxembourg,LUX,108.33,76.84,5.10715450162811,2949098683.87573,195300,34.46018552,276900,48.85829682,4.30185029291314,4283163745.93955,96.37671417,84.7,80,82.2926829268293,806800,142.3577966,6.5,9.7,7.4,11.9,0.4,0,0.7,36.401,72.385,2.4,2.1,2.6,1.5,2.9,2.6,3.2,-1672997200.57346,21755624005.4296,1,7,9,1,15,9,18,11.9,9.2,14.2,9.3,35920,48.66091,0.2,1,0.2,1.2,816.12,3133,5500.31249780549,12.2,7.7,16.6,92.3684748,87.120862,7.34999990463257,6.1100001335144,6.67000007629395,15.6000003814697,18.6900005340576,17.2399997711182
Madagascar,MDG,2.28,2.06,-2.25941779775177,-255834414.677425,23694,0.097771371,148635,0.613330281,7.08845710510198,78476918.8634422,4.17397219,67.091,63.999,65.539,10693765,44.12695456,28.3,26.6,26,27.2,2.8,2.4,3.2,193.34,243.575,40.7,36.4,44.7,21.8,57.9,52.9,62.6,-328898894.923116,-356772598.174224,4775,6543,5674,7741,32461,17678,45661,49.3,37.2,39.4,37.4,4763524,49.69886,7.8,12,11.5,12.5,121.86,39,1.60930339115712,5.5,3.4,7.6,69.5165458,62.46617,1.79999995231628,1.76999998092651,1.78999996185303,2.92000007629395,3.67000007629395,3.30999994277954
Malawi,MWI,5.21,3.37,-16.7015138267393,-1064422990.4184,5855,0.034965029,14462,0.086364517,19.3830647120226,22541346.6315919,5.3,65.016,58.898,61.953,6566707,39.21521754,32.4,24,20.9,27.7,2.1,1.5,2.8,238.148,351.568,37.3,33.1,41.3,22.8,53.8,48.4,58.8,-1066224473.54913,-1242563524.54775,2217,3159,4182,4576,22184,13695,31828,60,29.5,39,30.4,4204502,50.32556,5,8.4,8.8,13.1,178.87,38,2.26929306683791,6.2,2.2,10.3,64.7134286,50.829702,6.80999994277954,4.94000005722046,5.84999990463257,8.3100004196167,7.19000005722046,7.73999977111816
Malaysia,MYS,51.27,10.69,3.00892312387667,9067534382.29971,3063800,10.12125085,4489500,14.83104501,7.60329761694398,2656379162.55298,71.06406781,77.663,73.521,75.461,44104000,145.6973848,22.8,17.7,14.1,21.1,0.6,0.3,0.9,85.207,158.239,6.9,6.3,7.5,4.2,8.1,7.4,8.7,27943873214.8424,22711691906.1136,764,1928,2095,571,3533,2167,4112,30.3,30.7,31.2,30.7,3107870,48.66896,1.4,3.4,1.2,3.6,18635.26,7079,233.854477436165,4.8,2.2,7.3,86.2449156,76.0074962,3.39000010490417,2.92000007629395,3.09999990463257,12.2399997711182,10.4399995803833,11.1499996185303
Maldives,MDV,23.16,10.04,-7.34153998292296,-301696716.386922,23175,5.094358287,21911,4.816504182,2.99693947105204,87069111.1377987,54.46195515,79.49,76.323,77.691,739790,162.6215886,2.6,12.7,9.9,14.9,0.1,0,0.1,56.521,80.203,8.7,7.8,9.6,5.9,10.1,9.1,11.1,-1654653827.88059,375920282.87938,7,15,26,7,65,44,76,38.4,48.3,48.2,48.3,42137,48.42775,1.3,2.3,1.1,2.5,7.08,53,116.505281206379,2.8,0.8,4.1,90.6722902,85.9509516,5.78000020980835,5.63000011444092,5.67000007629395,12,15.8100004196167,14.6499996185303
Malta,MLT,55.27,37.2,2.70968114134492,300542507.196186,163205,37.64308895,230226,53.10142334,0.59751647657486,80611463.7254778,75.96001898,84.1,79.8,81.8975609756097,524161,120.8972712,2.8,10.7,8.1,13.4,0,0,0,36.681,66.946,6.1,5.6,6.6,4.7,7,6.4,7.6,-2192010782.01796,1038114346.05327,3,6,9,1,25,20,29,12.6,12.4,18.6,12.6,24624,48.8101,0.6,1.2,0.3,1.6,314.53,1570,3527.66973821095,7.2,2.7,11.6,93.3183118,89.1580182,5.3899998664856,5.36999988555908,5.38000011444092,9.82999992370605,13.1400003433228,11.6199998855591
Mauritania,MRT,9.43,7.39,-15.5013622123377,-955946938.131892,9638,0.238192858,51294,1.26767633,6.62354618859097,16305618.8543821,15.19912669,65.58,62.251,63.936,3644483,90.06949804,25.8,15.9,18,13.3,1.6,1.3,1.8,181.083,226.084,55,49.2,60.6,34.8,82.7,76.3,88.8,-559441770.121145,-954011172.989699,220,915,1071,638,7660,4931,11346,68.2,43.6,50.5,44.2,632761,50.48446,2.3,10.9,5.9,14.3,14.06,14,3.45995021131646,3,2.2,3.9,68.2886362,61.480021,11.9099998474121,9.46000003814697,10.2200002670288,21.8899993896484,17.2700004577637,18.7000007629395
Mauritius,MUS,45.59,21.72,-3.56632038731312,-416984417.391522,197400,15.67343361,380000,30.17175669,5.00058827366157,136656447.119864,50.13931848,77.79,71.08,74.3531707317073,1762300,139.9254916,13.8,23.5,18,29.1,1,0.8,1.2,95.373,193.35,12.7,11.4,14,9.1,14.5,13.1,15.9,-1862290301.52272,-1170543453.57922,20,54,95,15,171,121,196,39.1,20.5,28,20.7,101633,49.46818,1.1,2.9,0.9,4.6,119.52,296,234.435947901363,7.9,3.8,12.1,84.4610066,71.4928798,10.6999998092651,5.28999996185303,7.40999984741211,30.8199996948242,20.7600002288818,25.0200004577637
Mexico,MEX,52.9,13.92,-2.65028275512841,-31057805133,14757686,12.11053419,20170913,16.55276658,0.696291848486136,159473943,57.43104299,77.837,71.954,74.904,107688282,88.37175565,13.6,15.7,13.9,17.7,0.5,0.3,0.8,79.743,141.938,13.9,12.5,15.3,8.3,16.2,14.6,17.7,-14598592631,-24375328389,3331,8362,12791,2574,31512,18777,36685,27.7,14.9,20.6,15.1,14397928,48.93556,1.5,3.8,1.2,5.8,14585.58,7054,57.8869263008831,5.6,2.3,9,84.0317266,73.079643,4.44999980926514,4.23000001907349,4.30999994277954,9.93000030517578,7.75,8.51000022888184
Moldova,MDA,40.76,34.56,-5.97580576408513,-462840000,534393,13.12779129,1202466,29.53953865,16.5087418999878,162030000,69.00000447,75.76,67.208,71.478,3713137,91.21617904,10.4,26.6,18.6,35.5,7.1,3.6,10.9,98.788,243.767,13.4,11.8,14.9,11.6,15.6,13.8,17.3,-2123730000,-1991460000,60,135,264,55,582,501,680,26,25.9,27.7,25.9,138536,48.29503,1.5,2.8,1.3,4,192.78,361,127.357974690689,16.2,5.4,27.8,82.442817,62.8603766,2.92000007629395,4.44999980926514,3.69000005722046,12.9399995803833,9.25,10.7600002288818
Mongolia,MNG,72.43,70.13,-8.07222150962688,-948455402.954596,208047,6.938510338,255634,8.525569471,1.75078487431914,12060240.2044761,22.50000413,73.373,65.103,69.111,3068156,102.3251098,19.4,36.1,26.1,46.2,2.9,1.9,3.9,129.494,296.188,17.3,14.8,19.6,9.6,20.2,17.5,22.8,562603646.45395,-152864021.012946,114,207,353,141,1327,743,1540,29.3,13.4,25.1,14.1,251204,49.00121,2.6,4.5,2.5,6.4,104.4,225,75.0390453165797,20,6.4,33.9,78.3067642,58.2712544,4.25,5.36999988555908,4.8600001335144,13.5699996948242,11.9300003051758,12.6099996566772
Montenegro,MNE,76.12,42.99,-10.9333254682481,-443138379.645407,112394,17.92693586,154448,24.63458361,4.90157192478647,66036171.3962526,68.11978601,78.899,73.982,76.452,1007890,160.7592877,8.5,22.8,16.7,29,0.6,0.4,0.8,70.056,131.666,3.1,3,3.3,2.1,3.6,3.3,3.8,-1622771655.24063,-746505641.987739,4,11,19,5,23,16,27,26.3,16.2,20.2,16.3,37585,47.6174,0.5,1.4,0.6,2.2,224.17,59,94.8310640849043,20.7,10.9,30.7,88.482422,78.7828686,17.3099994659424,17.7399997711182,17.5400009155273,34.4700012207031,39.8800010681152,37.560001373291
Morocco,MAR,26.06,24.58,-2.1355018540574,-2160696677.40238,1147533,3.31048391,2222370,6.411249286,9.78637387649794,1436003560.67557,57.07999935,76.963,74.433,75.726,43079696,124.279337,19.7,24.4,22.9,25.8,0.8,0.9,0.7,66.033,75.794,21.7,19.4,23.9,16.1,25.3,22.7,27.7,-14688336713.2624,-7927842023.52507,662,2248,2733,1170,15230,11338,17732,33.3,29.3,33,29.5,4039392,47.40253,1.1,3.8,1.9,4.4,2980.65,328,9.46237469890248,7.4,5.3,9.5,87.7280426,85.210029,10.4200000762939,9.14000034332275,9.46000003814697,21.9200000762939,20.5900001525879,20.9200000762939
Mozambique,MOZ,10.68,4.29,-37.4137163012718,-5967850296.05213,42570,0.157421777,89292,0.330197446,2.2652427890802,16369113.6622014,16.93353299,59.921,54.295,57.206,20134932,74.45799316,30.7,31.8,24.2,41.1,3.9,2.8,5.1,297.015,368.151,61.5,57.2,65.7,30.9,85.4,80.5,90.2,-4163293680.84681,-6469682664.82562,5767,6463,11025,7600,63244,32336,86835,60.9,48.4,47.8,48.3,5901996,47.67912,8.1,10.9,9.3,22.4,105.02,130,4.80733637990264,13.9,5.9,22.4,55.5694724,42.03516,3.67000007629395,3.16000008583069,3.4300000667572,7.05000019073486,7.26000022888184,7.15000009536743
Nepal,NPL,9.56,9.45,11.4270635632498,2446630400.04284,302705,1.12050584,846940,3.13506951,24.0362522815904,343833587.688732,17.58161801,70.931,68.114,69.515,27516055,101.854612,16.3,21.5,19.5,23.6,1.6,0.9,2.3,133.892,175.316,29.7,27.1,32.1,22.4,36.2,33.8,38.5,-5697555904.86238,-5467903518.93931,2457,4098,3931,3018,16962,12827,20811,43.3,34.9,43.5,35.3,4335355,50.77584,3.8,6.1,5.1,7.5,538.47,147,5.44141518845564,8.5,2.7,15.4,76.4167678,70.2919986,2.88000011444092,3.38000011444092,3.09999990463257,4.17999982833862,5.80000019073486,4.90999984741211
Netherlands,NLD,49.67,13.99,6.34413630745884,48549451527.313,7029097,41.49775609,6951528,41.03981114,8.67832081356661,14636854255.927,91.72413793,83.2,79.9,81.509756097561,20809054,122.8506375,3.8,11.2,9.7,12.7,0.1,0,0.2,49.464,66.691,3.4,3.1,3.8,2.6,4,3.6,4.4,72650745573.9881,57713123634.0482,89,201,296,68,600,457,708,11.8,11.4,16.5,11.5,1208038,48.61635,0.4,1,0.4,1.4,31141.82,164806,9728.85177813382,11.8,7.9,15.7,92.324721,88.8241282,7.28000020980835,6.53000020980835,6.86999988555908,11.1700000762939,11.3299999237061,11.25
Niger,NER,1.45,1.71,-15.3446334383579,-1486216431.43781,27188,0.135928698,110000,0.549954271,51.5147636518414,119308071.280863,2.476219975,61.789,59.536,60.631,8959000,44.79127561,26.1,21.5,21.7,21.3,3.4,2.6,4.2,234.912,263.26,51.9,47.2,56.4,26.5,94,90.1,98,-888693410.148753,-1630151760.00179,8622,4936,5957,12073,48334,25253,84932,77.6,48.3,55.6,49.3,2444979,45.02198,16.1,11.6,18.2,17.8,57.39,6,0.299975057074004,5.4,3.4,7.4,62.3717928,57.2664392,0.419999986886978,0.589999973773956,0.519999980926514,0.409999996423721,0.839999973773956,0.660000026226044
North Macedonia,MKD,60.66,24.69,-1.91337826460789,-192572250.714502,364421,17.5259026,371003,17.84244718,9.42666308795,144084953,70.38020308,77.459,73.397,75.406,2083583,100.2046334,7.4,24.5,18.9,30,0.5,0.3,0.8,67.936,126.458,11.4,10.5,12.2,9.6,13,11.9,14,-2018118032.6182,-1631227767.70795,19,38,55,14,264,223,301,24.3,17.7,26.3,17.9,108827,48.54494,0.8,1.4,0.6,1.8,548.28,239,114.940980932301,9.2,4.7,13.7,87.9153234,78.8366462,25.0599994659424,26.7199993133545,26.0699996948242,43.3199996948242,49.6800003051758,47.310001373291
Norway,NOR,45.81,7.73,8.06258507335209,31105578188.4766,2050460,39.43316674,944510,18.16422672,5.26655099632222,2193372730.97621,96.81032569,84.2,80.5,82.3048780487805,5714890,109.905197,2.6,9.5,7.7,11.2,0.3,0.3,0.3,41.982,65.835,2.2,2,2.4,1.6,2.7,2.4,3,27485551206.7296,21863652370.9184,26,75,130,22,130,94,161,11.4,10.9,15.9,11,430864,48.84511,0.4,1.2,0.3,1.9,10529.7,21242,4093.96973021853,12.5,8.7,16.2,92.6970092,88.6319794,4,4.55999994277954,4.30000019073486,8.56999969482422,11.1199998855591,9.86999988555908
Oman,OMN,34.12,16.37,-16.0146963553137,-10953998389.0633,233234,5.465549095,434932,10.1920912,2.61619544098042,88832249.6749025,73.53,79.401,75.133,76.887,6646655,155.7561043,16.3,23.8,22.2,25.5,1,0.1,1.5,68.919,109.456,9.6,8.6,10.6,5.2,11.2,10.1,12.3,9118590456.24031,2299168049.39087,61,129,258,76,820,448,940,38.3,28.7,30.9,28.8,350544,50.0465,1.3,2.7,1.3,3.3,754.13,497,116.465776871256,5,1.2,7.1,87.5274768,82.1815516,12.3299999237061,1.94000005722046,3.3199999332428,30.8999996185303,11.1300001144409,14.2799997329712
Pakistan,PAK,8.45,9.65,-1.03601422092178,-2803000000,1793199,0.899175801,3537600,1.773882493,13.3796845853824,789000000,14,67.543,65.684,66.577,125899638,63.13069982,13.5,30.7,27.7,33.4,1.7,1.7,1.7,141.739,178.543,62.1,56.5,67.5,45.2,76.1,71.3,80.6,-17108000000,-20018000000,18205,28339,22804,24149,355285,262925,432500,58.5,41.7,45.8,42,19846822,44.22964,4.1,6.7,5.1,5.8,8451.51,680,3.40976960367305,9,4.5,13.2,72.1919722,67.8818438,6.17999982833862,2.82999992370605,3.5699999332428,9.64000034332275,5.80999994277954,6.73000001907349
Panama,PAN,67.68,23.61,-8.96329751144815,-4848400000,316168,7.966965748,620436,15.6340691,2.40613543466352,285500000,51.20542499,80.994,74.736,77.776,5741929,144.6881141,14.2,11.3,9.5,13.2,0.1,0,0.2,79.453,149.949,14.6,12.9,16.1,9.8,16.9,15.1,18.7,-8333200000,-1291500000,127,309,424,115,1144,773,1329,28.6,21.2,23,21.3,417556,48.31232,1.8,4.5,1.6,6.5,165.04,1217,306.665991346324,2.9,1.1,4.7,86.9262956,77.593247,3.9300000667572,2.40000009536743,3,11.8900003433228,6.01999998092651,8.0600004196167
Peru,PER,123.1,8.37,-5.01874819468908,-9525850109.41212,1999459,6.56189969,2911495,9.555053712,2.41111715356492,143689509.715464,40.85260091,78.468,73.169,75.792,34235810,112.3563679,13.9,10.1,10.1,10.2,0.4,0.3,0.5,94.743,153.397,12.2,10.9,13.4,7.6,15.7,14.1,17.1,-2547668172.48692,-4972798070.79685,907,1404,2424,951,6919,4311,8957,32.8,19.7,27.4,20.1,3513439,48.97068,1.6,2.6,1.6,4.4,902.11,1412,46.3395466613965,2.7,1.5,4,85.4784584,77.368888,2.9300000667572,2.90000009536743,2.92000007629395,6.13000011444092,6.40000009536743,6.28000020980835
Philippines,PHL,25.04,8.76,2.37094985653903,7265677953.83482,2900000,2.839985094,3223787,3.157071389,11.9075927570559,3460947517.16,36,75.007,66.644,70.644,117838074,115.3994392,12.5,24.6,18.8,30.6,0.2,0.1,0.3,137.416,262.057,23.5,20.8,26.1,14.4,29.8,26.6,32.9,-23309222497.5323,-17854385029.8626,4524,7483,11361,4911,53448,32738,68285,17.9,13.7,29.9,14.5,14453060,47.77429,2.1,3.6,2.2,5.9,1401.65,2139,20.9473383326733,2.3,1.1,3.5,79.160957,64.3793586,3.22000002861023,2.97000002861023,3.0699999332428,10.1099996566772,7.59000015258789,8.5600004196167
Portugal,PRT,173.42,35.5,0.23613123488082,470642359.964545,3142188,30.30557125,4682997,45.16626607,4.85161199135304,1340768044.55958,68.63286148,84.3,78.1,81.1243902439025,11714693,112.9851121,8.3,11.5,7.3,16,0.2,0.1,0.4,42.472,104.094,3,2.7,3.2,2.1,3.6,3.3,4,-10802485226.4268,2805581231.028,52,120,187,42,251,177,311,12.8,12.2,19.2,12.4,656727,47.87332,0.5,1.1,0.4,1.7,14691.23,9336,901.325690215055,13.2,7.8,19.2,93.2212534,84.303116,12.75,12.1599998474121,12.4399995803833,34.439998626709,29.6700000762939,32.0200004577637
Qatar,QAT,57.86,10.58,8.5018102834919,13750824175.8242,237774,9.267376282,459887,17.92435622,3.61611313634615,542307692.307692,92.88482645,81.477,78.558,79.758,3740469,145.7868972,11.1,11.7,14.5,10.8,0.3,0.1,0.4,46.913,65.626,6.7,6.2,7.2,4,7.8,7.2,8.4,48798076923.0769,33019780219.7802,17,47,100,20,167,100,193,26,27.2,26.6,27.2,130464,48.98133,0.9,2.3,0.9,1.9,1175.59,923,359.744476187878,6.1,1.9,7.4,91.4553588,92.041655,0.870000004768372,0.0599999986588955,0.170000001788139,2.84999990463257,0.230000004172325,0.600000023841858
Romania,ROU,68.65,28.72,-0.571275551061322,-1015323528.82026,4262132,21.39068791,4270000,21.43017564,15.6747139109439,2986166768.79386,55.76315563,78.6,71.4,74.9121951219512,23120000,116.0341126,10,21.7,14.3,29.5,2,1.4,2.5,77.23,179.976,7.6,6.8,8.5,4.3,9.1,8.1,10.1,-8625716936.33862,-1064124298.64048,231,460,671,199,1500,839,1807,26.2,22,25.4,22,947205,48.27793,1.1,2.1,0.9,2.9,10917.79,7158,361.230253957283,11.5,3.5,19.9,87.1932652,72.0646006,5.84999990463257,7.53999996185303,6.80999994277954,23.2800006866455,20.4500007629395,21.5499992370605
Rwanda,RWA,5.63,6.22,-12.6812816348576,-1083671485.93831,21125,0.185811136,16983,0.14937896,2.89819002576738,22228546.5092857,18,69.434,65.371,67.45,8759619,77.04779924,30.2,20.6,19.2,22.4,2,1.5,2.5,176.457,230.691,30.9,27.9,33.8,17.9,41.5,37.8,45,-1236605594.44638,-1489712841.67107,1491,1604,2067,1995,11346,6649,15091,36.5,17.3,23.1,17.8,2450705,50.46462,5.4,6.6,6.4,9.8,108.91,84,7.38846648068255,5.7,3.3,8.3,72.7476036,64.759078,1.21000003814697,1.07000005245209,1.13999998569489,2.44000005722046,1.36000001430511,1.89999997615814
Samoa,WSM,42.24,21.96,-1.61227734740368,-12709700.5184717,2084,1.076930232,11453,5.918465426,6.20048776692076,12254024.1394483,25.40700977,74.911,70.715,72.73,120517,62.27850325,11.4,31.8,29.8,33.8,0.5,0.2,0.7,82.9,140.998,14.5,13,15.9,9.3,16.9,15.2,18.5,-263999993.17994,-140183984.453907,8,15,16,10,71,45,83,42,24,40.3,25.1,31998,48.17489,1.8,3.9,2,5.1,11.17,25,129.190286957465,12.7,6.7,18.2,84.5730608,75.4614582,10.289999961853,7.80000019073486,8.65999984741211,23.2099990844727,15.3900003433228,18.3500003814697
Sao Tome and Principe,STP,25.66,30.09,-21.7340255383816,-68693728.2087902,1314,0.658871194,6441,3.229672269,2.33664576858945,1838413.55358665,25.82,71.739,67.045,69.377,184971,92.7489069,27.1,21.1,20.8,21.5,0.7,0.1,1.3,163.648,219.524,26.8,23.6,29.7,15.7,34.7,31.1,38.1,-107641422.037106,-96054956.6176606,18,28,41,21,175,103,226,64.8,44.4,51.8,45,35558,48.52354,3.4,6.9,3.6,12.3,1.42,3,15.0427213285731,1.5,0.8,2.1,77.645831,67.9544604,21.2900009155273,9.11999988555908,13.460000038147,33.0900001525879,15.3299999237061,20.7600002288818
Saudi Arabia,SAU,73.2,8.55,-8.66978432651887,-56723789493.776,6335557,19.97485187,3746906,11.81330897,1.74300411770485,252280000,69.6162358,76.264,73.425,74.651,52796066,166.4563349,26.2,22.9,20.1,24.6,0.9,0.7,1.1,78.452,97.496,7.2,6.8,7.6,4.7,8.4,8,8.9,44265398933.3333,-29296857411.0667,514,2371,2745,556,4419,2870,5163,37.8,26,27,26,3494490,50.03958,1,5.1,1,5.4,8949.36,2836,89.4138903722017,6.3,2.3,9.4,84.9119152,81.0143734,21.6599998474121,2.47000002861023,5.59000015258789,57.2599983215332,20.5,29.1499996185303
Serbia,SRB,45.47,29.54,-3.45515182515446,-1370173585.73079,1320230,14.87285306,2770462,31.21022416,14.2894940633949,677092985.604904,65.3170254,77.9,72.8,75.2878048780488,9155664,103.1417597,6.7,22.2,16,28.5,0.4,0.3,0.4,78.192,150.464,5.5,4.9,6,4,6.3,5.6,6.9,-4042025310.26144,-3234473621.4286,75,165,260,54,468,337,541,25.8,21.9,24.8,22,279220,48.57747,0.7,1.6,0.6,2.3,4872.66,1001,141.077655709354,16.4,8.5,24.6,87.1519516,75.9121392,18.7600002288818,16.8099994659424,17.6599998474121,47.6800003051758,39.5200004577637,42.5699996948242
Slovak Republic,SVK,59.51,28.26,-2.09035896267877,-1849289470.10001,1273812,23.43456881,866630,15.94356182,10.4923673032178,852196551.676328,77.63468203,80.2,73.1,76.5634146341463,6675553,122.8114558,6.4,17.5,11.5,24.1,0.6,0.3,0.8,64.859,156.171,5.1,4.6,5.6,3.1,6.2,5.6,6.8,890199036.076922,1034342372.24096,39,104,188,39,291,175,355,25.4,22.8,24.3,22.9,216266,48.58924,0.7,1.8,0.7,2.6,5062.13,5795,1068.43890474595,12.4,3.4,21.9,89.3659064,75.7174912,12.8900003433228,10.3199996948242,11.4799995422363,27.5699996948242,25.8199996948242,26.4899997711182
Slovenia,SVN,95.98,31.18,3.82057272688105,1646291412.68333,569026,27.47326549,753082,36.35971242,8.7098901109255,574942960.523462,73.09865997,83.9,77.8,80.7756097560976,2353926,113.6504025,6,12.8,9,16.5,0.4,0.2,0.6,45.527,101.185,2,1.9,2.2,1.4,2.5,2.3,2.7,1637919775.41654,3463352514.82977,8,27,47,8,43,29,53,26.2,20.6,22.5,20.6,115560,48.64486,0.5,1.4,0.4,2.2,3557.71,4517,2188.96638819577,21,8.9,33.3,92.3592774,84.3331642,10.039999961853,8.05000019073486,8.96000003814697,14.5600004196167,17.6200008392334,16.2999992370605
Solomon Islands,SLB,11.41,3.9,-2.75984807530788,-36072912.8571646,1420,0.235443147,7438,1.233257837,4.24331361706374,4465111.80310669,10.00046498,74.043,70.536,72.173,424712,70.41938725,16.9,40,34.8,44.7,1.9,0.1,3.7,128.827,167.347,19,17.1,20.7,9.4,22.3,20.1,24.3,-16767693.8079164,-94369031.3038174,32,58,62,41,380,189,443,43,36.9,50.1,38,104236,48.14172,2.2,4.6,2.6,5.9,13.7,13,21.5546543130863,15.2,1.9,28,79.170631,72.8181596,0.689999997615814,0.649999976158142,0.670000016689301,1.48000001907349,0.970000028610229,1.22000002861023
South Africa,ZAF,68.79,10.42,-4.58655810065503,-14567849817.589,1409347,2.54457383,4131055,7.458613417,3.79896416779004,571737878.135109,51.91911572,66.108,59.342,62.649,87999492,158.8829468,24.1,28.8,24.7,33.6,1.9,1.7,2.1,289.031,413.754,28.5,26,30.9,11,37.1,34,40,-3639581058.37695,-4120680430.28683,3562,7545,15200,3945,34130,13267,44427,36.7,28.8,29.9,28.9,7555842,47.82259,3.6,7.7,3.6,14.6,10964.38,15107,272.756641620612,24.5,9.9,39.5,63.4917834,47.6429444,27.5400009155273,23.2099990844727,25.1499996185303,55.060001373291,46.5200004577637,50.310001373291
South Sudan,SSD,1.05,1.62,-4.169014055128,-500190000,150,0.001399821,0,0,2.70329912832395,2450000,5.5,58.362,55.386,56.855,2899000,27.05386827,33.1,16.2,15.7,16.8,2,1.8,2.3,314.086,340.188,62.4,57,67.1,38.9,96.2,91.2,100.4,185240000,-776950000,1996,3945,5187,4155,23545,14883,36075,58.6,34.3,40.3,34.8,1273852,40.87908,7.5,16.7,13.6,25.6,5.51,0,0,3.6,2,5.2,54.213646,48.011298,13.710000038147,11.2299995422363,12.4499998092651,17.8299999237061,20.3799991607666,19.0699996948242
Spain,ESP,116.78,67.51,2.0171774887954,24107676878.1213,13542906,29.01724261,19373709,41.51041249,8.92369024209389,10837792192.2452,78.68963187,85.7,80.1,82.8317073170732,51067770,109.4186042,4.2,10.3,6.6,14,0.3,0.2,0.5,38.807,76.998,2.7,2.5,3,1.9,3.3,3,3.6,-22938972889.2095,36329793200.273,196,389,599,193,1172,815,1431,12.4,12.2,18.8,12.4,3010404,48.82664,0.4,0.9,0.4,1.3,55147.04,41316,889.571524340964,7.9,4.1,11.8,94.094782,87.5882224,23.5499992370605,20.7800006866455,22.0599994659424,47.9599990844727,48.6199989318848,48.3199996948242
Sri Lanka,LKA,17.2,18.63,-2.33582973447677,-1882774083.92544,625917,2.993668413,3287676,15.72446793,12.5825293824888,804862002.136112,12.1,79.689,72.887,76.316,23899642,114.308452,13.9,14.6,10.4,19.2,0.5,0.2,0.8,59.541,158.818,7.5,6.7,8.2,5.2,8.7,7.9,9.6,-8388097664.29362,-6063314670.16749,413,688,993,365,2605,1822,3051,25.3,33.8,33.8,33.8,1778176,49.17899,1.2,2.2,1,3.2,746.51,439,20.9346685741536,15.1,6.7,24.2,90.0116728,76.8773502,7.44999980926514,2.99000000953674,4.51999998092651,25.7999992370605,15.539999961853,19.2600002288818
St. Lucia,LCA,43.83,19.48,2.07660481286811,37546673.993167,28426,15.86927638,34874,19.46897714,1.35469573007231,11748770.3703704,42.53093047,76.977,74.282,75.596,187741,104.8094637,19,17.3,14.1,20.5,0.2,0.1,0.2,107.804,164.983,18.6,16.9,20.3,12.6,21,19,22.8,-349360516.550074,182948295.463065,4,12,18,4,41,28,47,35.1,13.6,19,13.7,16822,48.6803,1.4,3.8,1.7,5.3,3.11,25,139.566562084789,8.7,1.8,15.8,83.9015304,74.4286784,22.5699996948242,18.9899997711182,20.6700000762939,44.9700012207031,49.0699996948242,47.1399993896484
St. Vincent and the Grenadines,VCT,33.63,20.42,-15.3315180356047,-115814287.240958,16960,15.53853483,24865,22.78099461,3.1913297413826,7582814.81481481,17.13206652,74.692,69.867,72.095,113371,103.8690585,6.4,22.3,19.4,25.1,0,0,0,128.255,181.392,15.2,13.9,16.5,10.6,16.8,15.3,18.2,-248477267.311111,-132713776.89863,6,10,12,3,25,17,27,32.8,16.7,21.6,16.9,13362,48.84748,3,5.1,1.7,7.3,0.46,13,119.104335397808,3.3,0.8,5.6,80.3211866,69.3914454,16.9400005340576,20.7000007629395,19.1599998474121,42.6800003051758,39.9500007629395,40.9500007629395
Sudan,SDN,4.72,3.32,-7.35015306495209,-5460760074.46054,28093,0.072213033,118954,0.305771156,0.134154675534839,2317283.17826049,26.61,66.198,62.693,64.429,27938507,71.81590856,25.1,23.3,21.6,25.1,2.2,1.9,2.5,194.43,251.674,45.2,40,50.1,29.4,65.9,60.4,71.1,-5389192500,-5250554114.38049,2903,10056,12946,6789,57915,38147,83825,57.9,36.2,37.5,36.3,4518417,47.08355,3,11.8,6.3,18,259.18,29,0.745444754189592,3.9,2.8,5,68.393218,61.1974274,30,11.9099998474121,17.2900009155273,43.6800003051758,27.1399993896484,32.6800003051758
Suriname,SUR,47.13,10.92,-16.427292991529,-786434956.134396,52691,9.423528507,91916,16.43872855,5.67581511194886,10068179.6081961,42.76382778,74.584,68.088,71.249,750458,134.2157552,11.4,20.6,16.5,25,0.3,0.2,0.3,119.201,221.057,18,15.8,20.2,12.7,20.2,17.7,22.6,-307374294.107172,-838499615.988409,19,38,51,15,194,137,218,34.3,20,23.9,20.2,71921,48.43231,1.8,3.8,1.4,5.2,13.21,60,107.308418703142,24.8,11.6,37.8,80.1377726,67.1212308,11.6499996185303,4.46000003814697,7.21999979019165,21.3600006103516,9.01000022888184,13.5
Sweden,SWE,40.53,19.32,3.31616875285265,16750093766.5978,3496240,35.80397237,3554665,36.40228573,22.122248682401,15755087033.2482,90.61019664,84.1,80.4,82.2048780487805,12638827,129.4305347,3.2,9.2,7.8,10.6,0.2,0.1,0.3,39.95,66.933,2.3,2.1,2.5,1.6,2.9,2.6,3.1,11489835287.3238,21258290471.2546,46,118,297,40,272,185,333,11.7,12,17.3,12.2,791893,49.69649,0.4,1.2,0.3,2.1,20858.16,41234,4207.90053377903,15.7,9.7,21.8,93.1193682,89.436062,7.28999996185303,7.55999994277954,7.42999982833862,19.3899993896484,21.0100002288818,20.2099990844727
Switzerland,CHE,98.71,44.35,10.6072742736912,72111675814.0901,3700563,44.60242685,4140000,49.8989065,11.3394328151292,13822126142.0362,87.4790556,85.1,80.8,82.8975609756098,11243210,135.5130156,3.1,8.8,6.7,10.8,0.2,0.1,0.4,36.484,62.284,3.8,3.5,4.1,3,4.3,3.9,4.7,61202429996.1291,74934022469.6405,33,99,151,28,323,256,366,12.2,10,13.9,10.1,490469,48.58554,0.4,1.1,0.3,1.5,21866.6,57464,6938.08892982176,15,9.5,20.5,93.7313268,89.7449718,4.90999984741211,4.69999980926514,4.80000019073486,8.39000034332275,9.21000003814697,8.8100004196167
Tanzania,TZA,6.22,2.55,-9.45029707590167,-4477418358.29152,106000,0.205894675,142819,0.277411996,1.48507810202338,50676549.3686098,20,65.127,61.082,63.111,39665600,77.04656442,30.8,17.7,17.3,18.2,2.2,1.9,2.5,211.158,268.176,41,37.6,44.2,22.1,57.9,54,61.7,-5016320066.26052,-4233069151.93946,4721,8178,10322,13761,78802,43162,110073,56.2,38.6,49.6,39.7,8298282,50.83528,3.6,7.6,8.9,11,542.27,169,3.28266038763014,4.2,2,6.4,66.119003,57.3587048,2.67000007629395,1.58000004291534,2.09999990463257,4.42000007629395,3,3.6800000667572
Thailand,THA,117.37,12.53,6.91582029331513,27752906126.7839,6229000,9.065043045,5309000,7.726170095,0.853222602905932,495570000,39.31612674,79.863,72.412,76.091,102942000,149.8111512,32.8,13.8,10.8,17.2,0.2,0.1,0.3,93.756,204.022,9.3,8.2,10.2,6.3,10.8,9.6,11.9,26116490036.8391,41680325907.3541,2210,5820,6437,1544,6929,4723,8104,27.4,22.5,31.7,22.7,5081079,47.12686,2.5,6,1.9,6.6,8706.83,4768,69.3885458924389,8,3,13.3,86.6279368,73.2231028,0.610000014305115,0.589999973773956,0.600000023841858,3.98000001907349,2.57999992370605,3.15000009536743
Timor-Leste,TLS,6.63,4.97,14.1003435250188,224817400,1028,0.085931479,2720,0.227367337,6.12140841325298,4466100,23,70.454,66.582,68.459,1376669,115.0770458,13.1,18.6,17.6,19.6,0.4,0.3,0.5,124.929,174.544,43.2,39.4,46.9,21.4,50.8,46.5,54.8,-634878300,-1228659498.09942,122,356,253,171,1498,755,1751,59.5,27.1,35.1,27.7,243559,48.62641,3.8,12.9,5.5,10.5,8.33,11,9.19500259967801,3.5,2,5,76.5478414,69.0597632,5.82000017166138,3.28999996185303,4.44999980926514,15.1000003814697,9.64000034332275,12.1099996566772
Togo,TGO,5.64,5.29,-11.0270117500203,-461024604.594766,66072,0.902233708,52690,0.719498337,3.75415710233608,18310438.7824276,7.12,60.706,59.128,59.927,4855206,66.2993479,29.9,25.6,22.6,28.8,2.2,1.4,3,255.415,288.003,50.8,45.7,55.7,26.7,75.8,69.9,81.5,-1033133707.34804,-918413325.893346,1099,1301,1388,1818,12677,6738,18770,71.2,45.9,54.6,46.7,1498312,48.6356,6.1,8.5,8.7,10.7,83.17,22,3.00416842023619,9.7,4.6,14.9,59.8395742,55.3337758,1.69000005722046,2.6800000667572,2.20000004768372,4.53999996185303,3.90000009536743,4.23999977111816
Tonga,TON,26.53,31.21,-10.089599900135,-44092179.8593998,2458,2.438951787,13220,13.11755192,9.47568361040561,4604978.67312499,38.65127243,72.449,68.606,70.517,73493,72.92346772,6.9,26.1,20.7,31.5,1.4,1.1,1.7,100.936,167.091,14.5,16.4,12.5,7.5,16.8,18.5,15,-180692299.163069,-186642104.301609,3,7,8,5,38,19,44,37.7,27,36.9,27.6,16982,47.41491,1.1,3.3,1.9,5,2.83,11,109.147557575337,4.6,3.1,6.1,79.436379,67.9319748,3.39000010490417,2.11999988555908,2.64000010490417,12.1300001144409,4.96000003814697,7.90999984741211
Tunisia,TUN,26.4,19.99,-8.91685442056788,-3849716434.07889,573977,5.133985853,943642,8.44048573,9.41983008093595,310303957.17836,46.49999434,77.99,73.903,75.922,14595875,130.5540392,22.9,16,12.8,19.3,0.7,0.5,0.9,70.65,112.036,14.8,13.4,16.1,12.1,17.2,15.7,18.6,-4944675970.17779,-4726795386.47805,257,436,693,283,3081,2525,3571,28.1,30.8,30.7,30.8,1114883,48.1586,1.6,2.6,1.7,3.8,5072.55,214,19.1414111101938,3.1,2,4.3,87.5914854,80.680564,22.2299995422363,12.4099998474121,15.1599998474121,37.6500015258789,34.1199989318848,35.2000007629395
Uganda,UGA,4.64,3.03,-5.18252499994022,-1671266703.95915,80724,0.211178662,328811,0.860188629,3.17049827395865,65358633.776344,17.83485947,63.303,59.318,61.373,20220273,52.89740582,30.3,21.9,18.5,26.1,1.9,1.4,2.5,271.842,351.601,39.2,35.2,43.1,22.3,56.1,50.5,61.4,-2288205108.19315,-2605057422.21781,6070,11630,10246,11875,60622,34920,85828,52.1,30.6,38.8,31.5,8264317,50.1149,5.8,13.4,9.7,14.4,611.13,114,2.98230605664765,4.7,1.7,7.8,61.99327,53.1220084,2.38000011444092,1.36000001430511,1.86000001430511,3.24000000953674,2.07999992370605,2.64000010490417
Uruguay,URY,54.78,12,-0.92179114323109,-491077817.938068,900933,26.40476622,1106431,32.42755221,6.89893284017277,309553207.147008,64.5707871,80.992,73.529,77.369,5165474,151.390984,15.3,17.1,12.9,21.8,0.5,0.5,0.4,76.364,135.006,7.6,6.7,8.5,5,8.8,7.8,9.8,1306860896.56032,1720265228.55695,51,187,267,37,368,241,426,22.4,13.4,25,13.8,316864,48.31537,1,3.6,0.8,5.1,688.05,635,186.10736372618,18.6,7.7,30.4,87.2841064,77.7453218,8.85999965667725,6.36999988555908,7.48999977111816,26.1299991607666,20.0400009155273,22.6100006103516
Vanuatu,VUT,40.56,21.79,-0.508960347133175,-3866520.61139385,4297,1.584848597,4797,1.769261978,2.5779302737706,7293963.20629556,22.35140458,71.522,68.383,69.869,174818,64.47755689,15.5,40.1,33.8,45.5,0.8,0.3,1.2,105.683,156.734,24,22.1,25.8,12.7,28.7,26.4,30.9,-270298627.989542,-158324273.365722,16,27,33,24,198,106,236,29,24.8,30.7,25.2,45931,47.33404,2.6,5.2,3.3,6.7,10.63,34,125.401099103751,18.2,7.7,28.3,80.0970344,72.4014942,1.50999999046326,2.03999996185303,1.80999994277954,4.17999982833862,4.40000009536743,4.30000019073486
Zambia,ZMB,11.26,4.8,-3.6136116324648,-767651770.971024,23390,0.147298119,116165,0.731547069,3.82435767107329,32947303.092056,21,64.297,59.105,61.737,11557725,72.78457238,20.9,26.6,22.8,31,2.9,2.2,3.6,255.312,350.332,46.7,42.5,50.7,24.5,68.5,63.1,73.6,-74259762.4012703,-645149166.648263,1949,3740,4433,4041,27765,14769,40327,54.4,29.8,38.9,30.7,3215723,49.80078,4.5,10.5,8.2,15,157.23,90,5.66773436286259,8.7,3.8,13.7,62.82632,51.2385586,10.6599998474121,9.59000015258789,10.1000003814697,20.0799999237061,19.2999992370605,19.6900005340576
